"criterion_code","criterion_name","group_code","group_name","requirement_code","requirement_name","note","source_row"
"C1","ESTUDIANTES","DOC","Documentos normativos","C1-DOC-01","Modelo educativo","","4"
"C1","ESTUDIANTES","DOC","Documentos normativos","C1-DOC-02","Reglamento académico (directiva académica, reglamento de estudios u otros)","","5"
"C1","ESTUDIANTES","DOC","Documentos normativos","C1-DOC-03","Plan de monitoreo y seguimiento académico a estudiantes","","6"
"C1","ESTUDIANTES","DOC","Documentos normativos","C1-DOC-04","Reglamento de consejería estudiantil (tutoría)","","7"
"C1","ESTUDIANTES","DOC","Documentos normativos","C1-DOC-05","Reglamento de admisión de pregrado","","8"
"C1","ESTUDIANTES","DOC","Documentos normativos","C1-DOC-06","Reglamento de convalidación y reconocimiento de cursos","","9"
"C1","ESTUDIANTES","DOC","Documentos normativos","C1-DOC-07","Reglamento de grados y títulos","","10"
"C1","ESTUDIANTES","REG","Registros (evidencias)","C1-REG-01","Historial académico de graduados en el año 2025 (lista con datos generales)","","11"
"C1","ESTUDIANTES","REG","Registros (evidencias)","C1-REG-02","Evidencias de consejería estudiantil (informe de tutoría)","","12"
"C1","ESTUDIANTES","REG","Registros (evidencias)","C1-REG-03","Reportes de admisión del programa (cifras de estudiantes por modalidad y datos generales de todos los semestres)","","13"
"C1","ESTUDIANTES","REG","Registros (evidencias)","C1-REG-04","Expedientes de traslado interno y externo de estudiantes del programa del 2025","","14"
"C1","ESTUDIANTES","REG","Registros (evidencias)","C1-REG-05","Expediente de convalidación de cursos en el año 2025","","15"
"C1","ESTUDIANTES","REG","Registros (evidencias)","C1-REG-06","Informes y certificados de prácticas Preprofesionales","","16"
"C1","ESTUDIANTES","REG","Registros (evidencias)","C1-REG-07","Expedientes completos de graduados en el 2025","","17"
"C1","ESTUDIANTES","REG","Registros (evidencias)","C1-REG-08","Lista de convenios firmados y vigentes del programa","Asignar comisión","18"
"C2","Objetivos Educacionales","DOC","Documentos normativos","C2-DOC-01","Misión institucional vigente al 2026.","","21"
"C2","Objetivos Educacionales","DOC","Documentos normativos","C2-DOC-02","Misión del programa vigente al 2026.","","22"
"C2","Objetivos Educacionales","DOC","Documentos normativos","C2-DOC-03","Resolución de aprobación de la misión.","","23"
"C2","Objetivos Educacionales","DOC","Documentos normativos","C2-DOC-04","Documento oficial de los Objetivos Educacionales del Programa vigentes al 2026.","","24"
"C2","Objetivos Educacionales","DOC","Documentos normativos","C2-DOC-05","Resolución de aprobación o ratificación de los OEP.","","25"
"C2","Objetivos Educacionales","DOC","Documentos normativos","C2-DOC-06","Currículo o plan de estudios vigente 2026 donde se incluyan los OEP.","","26"
"C2","Objetivos Educacionales","DOC","Documentos normativos","C2-DOC-07","Documento oficial de OEP ratificados o actualizados al 2026.","","27"
"C2","Objetivos Educacionales","DOC","Documentos normativos","C2-DOC-08","Acta de aprobación o ratificación de la matriz OEP–Misión.","","28"
"C2","Objetivos Educacionales","DOC","Documentos normativos","C2-DOC-09","Acta de conformación o actualización de constituyentes 2026.","","29"
"C2","Objetivos Educacionales","DOC","Documentos normativos","C2-DOC-10","Metodología para el establecimiento o ratificación de los OEP.","","30"
"C2","Objetivos Educacionales","DOC","Documentos normativos","C2-DOC-11","Procedimiento o informe del proceso de establecimiento de los OEP.","","31"
"C2","Objetivos Educacionales","DOC","Documentos normativos","C2-DOC-12","Documento de aprobación o ratificación institucional de los OEP.","","32"
"C2","Objetivos Educacionales","DOC","Documentos normativos","C2-DOC-13","Informe o procedimiento de revisión de los OEP 2026.","","33"
"C2","Objetivos Educacionales","DOC","Documentos normativos","C2-DOC-14","Cronograma de revisión de los OEP.","","34"
"C2","Objetivos Educacionales","DOC","Documentos normativos","C2-DOC-15","Acta o acuerdo de ratificación, actualización o modificación de los OEP.","","35"
"C2","Objetivos Educacionales","DOC","Documentos normativos","C2-DOC-16","Reglamento de seguimiento al egresado vigente al 2026.","","36"
"C2","Objetivos Educacionales","DOC","Documentos normativos","C2-DOC-17","Plan de seguimiento al egresado","","37"
"C2","Objetivos Educacionales","DOC","Documentos normativos","C2-DOC-18","Plan operativo o plan de trabajo de seguimiento al egresado 2026.","","38"
"C2","Objetivos Educacionales","REG","Registros (evidencias)","C2-REG-01","Matriz de relación entre OEP y perfil de egreso.","","40"
"C2","Objetivos Educacionales","REG","Registros (evidencias)","C2-REG-02","Matriz de relación entre OEP y competencias/resultados del estudiante.","","41"
"C2","Objetivos Educacionales","REG","Registros (evidencias)","C2-REG-03","Matriz de consistencia entre misión institucional, misión del programa y OEP.","","42"
"C2","Objetivos Educacionales","REG","Registros (evidencias)","C2-REG-04","Listado actualizado de constituyentes 2026.","","43"
"C2","Objetivos Educacionales","REG","Registros (evidencias)","C2-REG-05","Base de datos de constituyentes 2026.","","44"
"C2","Objetivos Educacionales","REG","Registros (evidencias)","C2-REG-06","Actas de reuniones con constituyentes.","","45"
"C2","Objetivos Educacionales","REG","Registros (evidencias)","C2-REG-07","Listas de asistencia.","","46"
"C2","Objetivos Educacionales","REG","Registros (evidencias)","C2-REG-08","Encuestas o formularios aplicados a constituyentes.","","47"
"C2","Objetivos Educacionales","REG","Registros (evidencias)","C2-REG-09","Resultados de consultas a constituyentes.","","48"
"C2","Objetivos Educacionales","REG","Registros (evidencias)","C2-REG-10","Matriz de aportes de constituyentes.","","49"
"C2","Objetivos Educacionales","REG","Registros (evidencias)","C2-REG-11","Evidencias de convocatoria: oficios, correos, invitaciones o enlaces.","","50"
"C2","Objetivos Educacionales","REG","Registros (evidencias)","C2-REG-12","Evidencias fotográficas o capturas de reuniones.","","51"
"C2","Objetivos Educacionales","REG","Registros (evidencias)","C2-REG-13","Actas de reuniones de comisión curricular, comité de calidad o escuela profesional.","","52"
"C2","Objetivos Educacionales","REG","Registros (evidencias)","C2-REG-14","Actas de talleres con constituyentes.","","53"
"C2","Objetivos Educacionales","REG","Registros (evidencias)","C2-REG-15","Encuestas aplicadas a docentes, estudiantes, egresados y empleadores.","","54"
"C2","Objetivos Educacionales","REG","Registros (evidencias)","C2-REG-16","Resultados procesados de encuestas.","","55"
"C2","Objetivos Educacionales","REG","Registros (evidencias)","C2-REG-17","Informe de medición de OE/OEP y Resultados del Estudiante 2026.","","56"
"C2","Objetivos Educacionales","REG","Registros (evidencias)","C2-REG-18","Bases de respuestas de encuestas a docentes, empleadores y graduados.","","57"
"C2","Objetivos Educacionales","REG","Registros (evidencias)","C2-REG-19","Matriz de cumplimiento de OEP y RE.","","58"
"C2","Objetivos Educacionales","REG","Registros (evidencias)","C2-REG-20","Actas de análisis de resultados.","","59"
"C2","Objetivos Educacionales","REG","Registros (evidencias)","C2-REG-21","Matriz de oportunidades de mejora.","","60"
"C2","Objetivos Educacionales","REG","Registros (evidencias)","C2-REG-22","Plan de mejora derivado de la revisión de los OEP.","","61"
"C2","Objetivos Educacionales","REG","Registros (evidencias)","C2-REG-23","Base de datos actualizada de egresados y graduados.","","62"
"C2","Objetivos Educacionales","REG","Registros (evidencias)","C2-REG-24","Cuadro actualizado de egresados 2026","","63"
"C2","Objetivos Educacionales","REG","Registros (evidencias)","C2-REG-25","Encuestas aplicadas a egresados y empleadores 2026.","","64"
"C2","Objetivos Educacionales","REG","Registros (evidencias)","C2-REG-26","Bases de respuestas de egresados y empleadores.","","65"
"C2","Objetivos Educacionales","REG","Registros (evidencias)","C2-REG-27","Resultados procesados del seguimiento al egresado.","","66"
"C2","Objetivos Educacionales","REG","Registros (evidencias)","C2-REG-28","Reporte de empleabilidad 2026.","","67"
"C2","Objetivos Educacionales","REG","Registros (evidencias)","C2-REG-29","Plan de mejora derivado del seguimiento al egresado.","","68"
"C2","Objetivos Educacionales","REG","Registros (evidencias)","C2-REG-30","Evidencias de contacto y actividades con egresados.","","69"
"C3","ATRIBUTOS DEL GRADUADO","DOC","Documentos normativos","C3-DOC-01","Resolución de aprobación de atributos del graduado (resultados del estudiante)","","73"
"C3","ATRIBUTOS DEL GRADUADO","DOC","Documentos normativos","C3-DOC-02","Procedimiento de establecimiento del atributo del graduado (word, diagrama de flujo?)","","74"
"C3","ATRIBUTOS DEL GRADUADO","DOC","Documentos normativos","C3-DOC-03","Planes de medición directa de los atributos del graduado","","75"
"C3","ATRIBUTOS DEL GRADUADO","DOC","Documentos normativos","C3-DOC-04","Planes de medición indirecta de los atributos del graduado","","76"
"C3","ATRIBUTOS DEL GRADUADO","DOC","Documentos normativos","C3-DOC-05","Instrumentos de medición directa( rúbricas, guias de presentación de cursos que miden)","","77"
"C3","ATRIBUTOS DEL GRADUADO","DOC","Documentos normativos","C3-DOC-06","Instrumentos de medición indirecta de los atributos del graduado (encuestas)","","78"
"C3","ATRIBUTOS DEL GRADUADO","REG","Registros (evidencias)","C3-REG-01","Evidencias de participación y aportes de los constituyentes en el establecimiento de Atributos del Graduado (actas, minutas, grabaciones)","","79"
"C3","ATRIBUTOS DEL GRADUADO","REG","Registros (evidencias)","C3-REG-02","Evidencias de participación y aportes de los constituyentes del programa en el proceso de revisión de los Atributos del Graduado (actas, minutas, grabación de sesiones).","","80"
"C4","MEJORA CONTINUA","DOC","Documentos normativos","C4-DOC-01","Manual del sistema de gestión de calidad, documento del sistema de aseguramiento de la calidad, política de aseguramiento de calidad","","85"
"C4","MEJORA CONTINUA","DOC","Documentos normativos","C4-DOC-02","Procedimiento de implementación de planes de mejora (incluyendo metodologías, análisis de causa raiz, priorización, seguimiento y evaluación de impacto).","","86"
"C4","MEJORA CONTINUA","REG","Registros (evidencias)","C4-REG-01","Evidendia de dos (2) ciclos de medición directa de cada uno de los atributos del graduado: todas las producciones estudiantiles de los cursos (incluyendo el proyecto) donde se realizan las mediciones y el resultadode de aplicación del instrumento, consolidado de los resultados de medidión y cálculo detallado del nivel de logro para cada atributo del graduado de ICACIT.","","88"
"C4","MEJORA CONTINUA","REG","Registros (evidencias)","C4-REG-02","Evidencias de dos (2) ciclos de medición indirecta de los Atributos del Graduado: datos de todos los estudiantes que participaron en la medición y el registro de sus respuestas, consolidado de resultados de medición y cálculo detallado del nivel de logro para cada Atributo del Graduado de ICACIT.","","89"
"C4","MEJORA CONTINUA","REG","Registros (evidencias)","C4-REG-03","Evidencias de un (1) ciclo de medición de los objetivos educacionales del programa: datos de todos los que participaron en la medición y el registro de sus respuestas, consolidado de resultados de medición y cálculo detallado del nivel de logro para cada objetivo educacional.","","90"
"C4","MEJORA CONTINUA","REG","Registros (evidencias)","C4-REG-04","Evidencias de la revisión de los niveles de logro de los Atributos del Graduado e identificación de oportunidades de mejora.","","91"
"C4","MEJORA CONTINUA","REG","Registros (evidencias)","C4-REG-05","Evidencias de la priorización y aprobación de planes de mejora para el cumplimiento de los Criterios de Acreditación ICACIT.","","92"
"C4","MEJORA CONTINUA","REG","Registros (evidencias)","C4-REG-06","Evidencias de la implementación y seguimiento de planes de mejora y su evaluación del impacto en el programa.","","93"
"C5","PLAN DE ESTUDIOS","DOC","Documentos normativos","C5-DOC-01","Modelo educativo","","95"
"C5","PLAN DE ESTUDIOS","DOC","Documentos normativos","C5-DOC-02","Plan de estudios","","96"
"C5","PLAN DE ESTUDIOS","DOC","Documentos normativos","C5-DOC-03","Directivas para el desarrollo de proyectos de la experiencia de diseño en ingeniería","","97"
"C5","PLAN DE ESTUDIOS","DOC","Documentos normativos","C5-DOC-04","Formato de informe final del proyecto de la experiencia de diseño en ingeniería","","98"
"C5","PLAN DE ESTUDIOS","REG","Registros (evidencias)","C5-REG-01","Portafolio Plan 5 - semestre 2026-I","Sílabo","99"
"C5","PLAN DE ESTUDIOS","REG","Registros (evidencias)","C5-REG-02","Portafolio Plan 5 - semestre 2026-II","Sílabo","104"
"C5","PLAN DE ESTUDIOS","REG","Registros (evidencias)","C5-REG-03","Portafolio Plan 6 - semestre 2026-I","Sílabo","109"
"C5","PLAN DE ESTUDIOS","REG","Registros (evidencias)","C5-REG-04","Portafolio Plan 6 - semestre 2026-II","Sílabo","114"
"C6","Cuerpo de Profesores","DOC","Documentos normativos","C6-DOC-01","Políticas de contratación, promoción, evaluación de profesores.","","120"
"C6","Cuerpo de Profesores","DOC","Documentos normativos","C6-DOC-02","Políticas para promover el desarrollo profesional de los profesores del programa.","","121"
"C6","Cuerpo de Profesores","DOC","Documentos normativos","C6-DOC-03","Políticas para promover la participación de los profesores del programa en sociedades profesionales y actividades nacionales e internacionales relacionadas con la disciplina.","","122"
"C6","Cuerpo de Profesores","REG","Registros (evidencias)","C6-REG-01","Registro de asignación de carga de trabajo y horario laboral para cada uno de los miembros del cuerpo de profesores en el año 2025.","","123"
"C6","Cuerpo de Profesores","REG","Registros (evidencias)","C6-REG-02","Evidencias de contratación, promoción y evaluación del desempeño de los miembros del cuerpo de profesores en el año 2025.","","124"
"C6","Cuerpo de Profesores","REG","Registros (evidencias)","C6-REG-03","Evidencias de solicitudes de fondos y subvenciones del gobierno y la industria realizadas por profesores del programa en el año 2025.","","125"
"C6","Cuerpo de Profesores","REG","Registros (evidencias)","C6-REG-04","Evidencias de cooperación academia-industria y el involucramiento de profesores del programa en el año 2025.","","126"
"C6","Cuerpo de Profesores","REG","Registros (evidencias)","C6-REG-05","Evidencias de ejecución de políticas de promoción de desarrollo profesional de profesores en el año 2025.","","127"
"C6","Cuerpo de Profesores","REG","Registros (evidencias)","C6-REG-06","Evidencias de participación y aportes de los profesores del programa en el establecimiento y revisión de los objetivos educacionales y los atributos del graduado en el año 2025.","","128"
"C7","Instalaciones","DOC","Documentos normativos","C7-DOC-01","Políticas sobre mantenimiento de infraestructura y equipos.","","133"
"C7","Instalaciones","DOC","Documentos normativos","C7-DOC-02","Procedimientos, Planes, programas de mantenimiento preventivo, correctivo.","","134"
"C7","Instalaciones","DOC","Documentos normativos","C7-DOC-03","Partidas presupuestales destinadas para la renovación de equipamientos y licencias de software.","","135"
"C7","Instalaciones","DOC","Documentos normativos","C7-DOC-04","Guías y manuales para las experiencias de todos los laboratorios de uso del programa.","","136"
"C7","Instalaciones","REG","Registros (evidencias)","C7-REG-01","Lista de publicaciones, revistas y bases de datos de uso del programa a las cuales se tiene suscripción vigente en el año 2025.","","137"
"C7","Instalaciones","REG","Registros (evidencias)","C7-REG-02","Estadísticas de descargas de libros virtuales por Programa en el año 2025.","","138"
"C7","Instalaciones","REG","Registros (evidencias)","C7-REG-03","Registros de mantenimientos preventivos y correctivos de equipos en el año 2025.","","139"
"C7","Instalaciones","REG","Registros (evidencias)","C7-REG-04","Evidencias de la ejecución de mantenimiento de los laboratorios y/o equipos en el año 2025.","","140"
"C7","Instalaciones","REG","Registros (evidencias)","C7-REG-05","Lista de software usados por el programa considerando solo los siguientes tipos de licencia: Privativa (pago anual o perpetuo de la licencia), Libre (ofrecido gratuitamente) o académico (Cuando tienen alianzas con empresas que ofrecen versiones académicas para fines de estudio) en el año 2025.","Licencia Privativa (pago anual o perpetuo de la licencia).","141"
"C8","APOYO INSTITUCIONAL","DOC","Documentos normativos","C8-DOC-01","ROF vigente","","146"
"C8","APOYO INSTITUCIONAL","DOC","Documentos normativos","C8-DOC-02","MOF vigente","","147"
"C8","APOYO INSTITUCIONAL","DOC","Documentos normativos","C8-DOC-03","Organigrama institucional, de facultad y escuela vigente 2026.","","148"
"C8","APOYO INSTITUCIONAL","DOC","Documentos normativos","C8-DOC-04","Resoluciones de designación de autoridades.","","149"
"C8","APOYO INSTITUCIONAL","DOC","Documentos normativos","C8-DOC-05","Plan Estratégico","","150"
"C8","APOYO INSTITUCIONAL","DOC","Documentos normativos","C8-DOC-06","Plan de gestión o plan de trabajo de la escuela 2026.","","151"
"C8","APOYO INSTITUCIONAL","DOC","Documentos normativos","C8-DOC-07","Presupuesto institucional aprobado 2026.","","152"
"C8","APOYO INSTITUCIONAL","DOC","Documentos normativos","C8-DOC-08","Presupuesto asignado a la facultad o escuela 2026.","","153"
"C8","APOYO INSTITUCIONAL","DOC","Documentos normativos","C8-DOC-09","Cuadro multianual de necesidades actualizado.","","154"
"C8","APOYO INSTITUCIONAL","DOC","Documentos normativos","C8-DOC-10","Cuadro de necesidades de bienes y servicios 2026.","","155"
"C8","APOYO INSTITUCIONAL","DOC","Documentos normativos","C8-DOC-11","Plan de adquisiciones 2026.","","156"
"C8","APOYO INSTITUCIONAL","DOC","Documentos normativos","C8-DOC-12","Cuadro de asignación de personal vigente 2026.","","157"
"C8","APOYO INSTITUCIONAL","DOC","Documentos normativos","C8-DOC-13","Relación oficial de plazas docentes y administrativas.","","158"
"C8","APOYO INSTITUCIONAL","DOC","Documentos normativos","C8-DOC-14","Resoluciones de asignación de personal.","","159"
"C8","APOYO INSTITUCIONAL","DOC","Documentos normativos","C8-DOC-15","Perfil de puestos o funciones del personal.","","160"
"C8","APOYO INSTITUCIONAL","DOC","Documentos normativos","C8-DOC-16","Reglamento o directiva de contratación docente.","","161"
"C8","APOYO INSTITUCIONAL","DOC","Documentos normativos","C8-DOC-17","Reglamento de ratificación, promoción, permanencia o renovación docente.","","162"
"C8","APOYO INSTITUCIONAL","DOC","Documentos normativos","C8-DOC-18","Norma de evaluación del desempeño docente.","","163"
"C8","APOYO INSTITUCIONAL","DOC","Documentos normativos","C8-DOC-19","Política institucional de retención docente.","","164"
"C8","APOYO INSTITUCIONAL","DOC","Documentos normativos","C8-DOC-20","Plan de capacitación docente 2026.","","165"
"C8","APOYO INSTITUCIONAL","DOC","Documentos normativos","C8-DOC-21","Plan de desarrollo profesional docente.","","166"
"C8","APOYO INSTITUCIONAL","DOC","Documentos normativos","C8-DOC-22","Directiva de apoyo a capacitación, congresos, pasantías o eventos académicos.","","167"
"C8","APOYO INSTITUCIONAL","REG","Registros (evidencias)","C8-REG-01","Actas de reuniones de autoridades.","","169"
"C8","APOYO INSTITUCIONAL","REG","Registros (evidencias)","C8-REG-02","Actas del comité de calidad.","","170"
"C8","APOYO INSTITUCIONAL","REG","Registros (evidencias)","C8-REG-03","Actas de comisión curricular o reuniones académicas.","","171"
"C8","APOYO INSTITUCIONAL","REG","Registros (evidencias)","C8-REG-04","Informe de gestión de la escuela 2026.","","172"
"C8","APOYO INSTITUCIONAL","REG","Registros (evidencias)","C8-REG-05","Informe de avance del Plan Estratégico EPIC 2026.","","173"
"C8","APOYO INSTITUCIONAL","REG","Registros (evidencias)","C8-REG-06","Informe de cumplimiento del POI 2026.","","174"
"C8","APOYO INSTITUCIONAL","REG","Registros (evidencias)","C8-REG-07","Matriz de seguimiento de metas e indicadores.","","175"
"C8","APOYO INSTITUCIONAL","REG","Registros (evidencias)","C8-REG-08","Oficios, memorandos, acuerdos o resoluciones internas.","","176"
"C8","APOYO INSTITUCIONAL","REG","Registros (evidencias)","C8-REG-09","Evidencias de implementación de acuerdos y acciones de mejora.","","177"
"C8","APOYO INSTITUCIONAL","REG","Registros (evidencias)","C8-REG-10","Reporte de ejecución presupuestal 2026.","","178"
"C8","APOYO INSTITUCIONAL","REG","Registros (evidencias)","C8-REG-11","Requerimientos de bienes y servicios.","","179"
"C8","APOYO INSTITUCIONAL","REG","Registros (evidencias)","C8-REG-12","Órdenes de compra y órdenes de servicio.","","180"
"C8","APOYO INSTITUCIONAL","REG","Registros (evidencias)","C8-REG-13","Informes de adquisición de equipos, materiales, software o mobiliario.","","181"
"C8","APOYO INSTITUCIONAL","REG","Registros (evidencias)","C8-REG-14","Evidencias de mantenimiento de aulas, laboratorios y equipos.","","182"
"C8","APOYO INSTITUCIONAL","REG","Registros (evidencias)","C8-REG-15","Informe de uso de recursos financieros para la mejora del programa.","","183"
"C8","APOYO INSTITUCIONAL","REG","Registros (evidencias)","C8-REG-16","Relación actualizada de docentes 2026-I y 2026-II.","","184"
"C8","APOYO INSTITUCIONAL","REG","Registros (evidencias)","C8-REG-17","Relación de personal administrativo 2026.","","185"
"C8","APOYO INSTITUCIONAL","REG","Registros (evidencias)","C8-REG-18","Relación de personal de apoyo.","","186"
"C8","APOYO INSTITUCIONAL","REG","Registros (evidencias)","C8-REG-19","Carga académica docente 2026-I y 2026-II.","","187"
"C8","APOYO INSTITUCIONAL","REG","Registros (evidencias)","C8-REG-20","Horarios académicos 2026-I y 2026-II.","","188"
"C8","APOYO INSTITUCIONAL","REG","Registros (evidencias)","C8-REG-21","Distribución de responsabilidades académicas y administrativas.","","189"
"C8","APOYO INSTITUCIONAL","REG","Registros (evidencias)","C8-REG-22","Contratos docentes 2026.","","190"
"C8","APOYO INSTITUCIONAL","REG","Registros (evidencias)","C8-REG-23","Resoluciones de nombramiento, contratación, renovación o ratificación docente.","","191"
"C8","APOYO INSTITUCIONAL","REG","Registros (evidencias)","C8-REG-24","Relación de docentes nombrados, contratados y ordinarios.","","192"
"C8","APOYO INSTITUCIONAL","REG","Registros (evidencias)","C8-REG-25","Reporte de permanencia docente 2024–2026.","","193"
"C8","APOYO INSTITUCIONAL","REG","Registros (evidencias)","C8-REG-26","Resultados de evaluación del desempeño docente 2026.","","194"
"C8","APOYO INSTITUCIONAL","REG","Registros (evidencias)","C8-REG-27","Relación de docentes capacitados 2026.","","195"
"C8","APOYO INSTITUCIONAL","REG","Registros (evidencias)","C8-REG-28","Certificados o constancias de capacitación docente.","","196"
"C8","APOYO INSTITUCIONAL","REG","Registros (evidencias)","C8-REG-29","Listas de asistencia a capacitaciones.","","197"
"C8","APOYO INSTITUCIONAL","REG","Registros (evidencias)","C8-REG-30","Programas de cursos, talleres, seminarios o congresos.","","198"
"C8","APOYO INSTITUCIONAL","REG","Registros (evidencias)","C8-REG-31","Informes de capacitación docente.","","199"
"C8","APOYO INSTITUCIONAL","REG","Registros (evidencias)","C8-REG-32","Evidencias de apoyo institucional: licencias, comisiones, financiamiento, inscripción o viáticos.","","200"
"C8","APOYO INSTITUCIONAL","REG","Registros (evidencias)","C8-REG-33","Producción académica, científica o profesional docente.","","201"
"C8","APOYO INSTITUCIONAL","REG","Registros (evidencias)","C8-REG-34","Informe de impacto de la capacitación en la mejora del programa.","","202"
"C9","CRITERIOS DE PROGRAMA","REG","Registros (evidencias)","C9-REG-01","Plan de estudios","","210"
"C9","CRITERIOS DE PROGRAMA","REG","Registros (evidencias)","C9-REG-02","Curriculo felxxible por competencias","","211"
